{
    "cpu_cycles_pass2_start": 235690628054725,
    "cycles_program_begin": 235673536725327,
    "perf": [
        {
            "stat": [
                "main",
                "entry",
                0.032082080841064453,
                0.061663000000000003,
                0.023123000000000001,
                214236,
                214236,
                0.0,
                0.0,
                1720342069.9777241,
                235673537076771
            ],
            "sub": [
                {
                    "stat": [
                        "doParsingAndDesignResolution",
                        "entry",
                        0.14121508598327637,
                        0.129136,
                        0.060769999999999998,
                        270140,
                        270940,
                        0.0,
                        0.0,
                        1720342070.0868571,
                        235673788423149
                    ],
                    "sub": []
                },
                {
                    "stat": [
                        "doParsingAndDesignResolution",
                        "exit",
                        2.5087540149688721,
                        2.3988680000000002,
                        0.21782599999999999,
                        412828,
                        443548,
                        0.0,
                        0.0,
                        1720342072.454396,
                        235679243266889
                    ],
                    "sub": []
                },
                {
                    "stat": [
                        "doPostDesignResolutionToVir2Vcs",
                        "entry",
                        2.549314022064209,
                        2.4301759999999999,
                        0.22241,
                        398848,
                        443548,
                        0.0,
                        0.0,
                        1720342072.494956,
                        235679336721327
                    ],
                    "sub": [
                        {
                            "stat": [
                                "doUptoVir2VcsNoSepCleanup",
                                "entry",
                                3.7245879173278809,
                                3.209673,
                                0.29832700000000001,
                                399556,
                                443548,
                                0.22576499999999999,
                                0.071136000000000005,
                                1720342073.6702299,
                                235682044573657
                            ],
                            "sub": []
                        },
                        {
                            "stat": [
                                "doUptoVir2VcsNoSepCleanup",
                                "exit",
                                6.4937279224395752,
                                5.642398,
                                0.37220700000000001,
                                407368,
                                443548,
                                0.23035900000000001,
                                0.104127,
                                1720342076.4393699,
                                235688424663633
                            ],
                            "sub": []
                        },
                        {
                            "stat": [
                                "doRadify_vir2vcsAll",
                                "entry",
                                6.4938418865203857,
                                5.642506,
                                0.37221399999999999,
                                407368,
                                443548,
                                0.23035900000000001,
                                0.104127,
                                1720342076.4394839,
                                235688424840837
                            ],
                            "sub": []
                        },
                        {
                            "stat": [
                                "doRadify_vir2vcsAll",
                                "exit",
                                6.7552430629730225,
                                5.8832170000000001,
                                0.38929799999999998,
                                429504,
                                443548,
                                0.23035900000000001,
                                0.104127,
                                1720342076.7008851,
                                235689027367641
                            ],
                            "sub": []
                        }
                    ]
                },
                {
                    "stat": [
                        "doPostDesignResolutionToVir2Vcs",
                        "exit",
                        6.7553949356079102,
                        5.8833710000000004,
                        0.38929799999999998,
                        429504,
                        443548,
                        0.23035900000000001,
                        0.104127,
                        1720342076.7010369,
                        235689027470435
                    ],
                    "sub": []
                },
                {
                    "stat": [
                        "doGAToPass2",
                        "entry",
                        6.7554359436035156,
                        5.8834119999999999,
                        0.38929799999999998,
                        429504,
                        443548,
                        0.23035900000000001,
                        0.104127,
                        1720342076.7010779,
                        235689027544745
                    ],
                    "sub": [
                        {
                            "stat": [
                                "DoPass2",
                                "entry",
                                7.4500279426574707,
                                5.9032549999999997,
                                0.39668300000000001,
                                424832,
                                443548,
                                0.24736,
                                0.194991,
                                1720342077.3956699,
                                235690628023797
                            ],
                            "sub": []
                        },
                        {
                            "stat": [
                                "DoPass2",
                                "exit",
                                12.789231061935425,
                                10.281218000000001,
                                1.079906,
                                426804,
                                443548,
                                0.24736,
                                0.194991,
                                1720342082.7348731,
                                235702929489433
                            ],
                            "sub": []
                        }
                    ]
                },
                {
                    "stat": [
                        "doGAToPass2",
                        "exit",
                        12.812931060791016,
                        10.292963,
                        1.0809759999999999,
                        426804,
                        443548,
                        0.24736,
                        0.194991,
                        1720342082.7585731,
                        235702984095723
                    ],