{
    "cycles_program_begin": 6048915189048,
    "LVLData": [
        "SIM"
    ],
    "incremental": "on",
    "rlimit": {
        "data": -1,
        "stack": -1
    },
    "PrevCompiledModules": {},
    "perf": [
        {
            "stat": [
                "main",
                "entry",
                0.024934053421020508,
                0.046124999999999999,
                0.025259,
                214216,
                214216,
                0.0,
                0.0,
                1718636137.3830349,
                6048915458580
            ],
            "sub": [
                {
                    "stat": [
                        "doParsingAndDesignResolution",
                        "entry",
                        0.045550107955932617,
                        0.051582000000000003,
                        0.032992,
                        270116,
                        270916,
                        0.0,
                        0.0,
                        1718636137.403651,
                        6048962925946
                    ],
                    "sub": []
                },
                {
                    "stat": [
                        "doParsingAndDesignResolution",
                        "exit",
                        2.402252197265625,
                        2.1216029999999999,
                        0.34561599999999998,
                        411016,
                        443524,
                        0.0,
                        0.0,
                        1718636139.7603531,
                        6054392857569
                    ],
                    "sub": []
                },
                {
                    "stat": [
                        "doPostDesignResolutionToVir2Vcs",
                        "entry",
                        2.4374520778656006,
                        2.1437810000000002,
                        0.35862500000000003,
                        397036,
                        443524,
                        0.0,
                        0.0,
                        1718636139.795553,
                        6054473973364
                    ],
                    "sub": [
                        {
                            "stat": [
                                "doUptoVir2VcsNoSepCleanup",
                                "entry",
                                3.3043630123138428,
                                2.8751370000000001,
                                0.47955599999999998,
                                398000,
                                443524,
                                0.0,
                                0.0,
                                1718636140.6624639,
                                6056471307654
                            ],
                            "sub": []
                        },
                        {
                            "stat": [
                                "doUptoVir2VcsNoSepCleanup",
                                "exit",
                                6.1209530830383301,
                                5.1741260000000002,
                                0.72870500000000005,
                                405104,
                                443524,
                                0.0097890000000000008,
                                0.036084999999999999,
                                1718636143.479054,
                                6062960755806
                            ],
                            "sub": []
                        },
                        {
                            "stat": [
                                "doRadify_vir2vcsAll",
                                "entry",
                                6.1211001873016357,
                                5.1742730000000003,
                                0.72870500000000005,
                                405104,
                                443524,
                                0.23646400000000001,
                                0.217862,
                                1718636143.4792011,
                                6062961035908
                            ],
                            "sub": []
                        },
                        {
                            "stat": [
                                "doRadify_vir2vcsAll",
                                "exit",
                                6.4338781833648682,
                                5.415305,
                                0.74836199999999997,
                                426208,
                                443524,
                                0.23646400000000001,
                                0.217862,
                                1718636143.7919791,
                                6063682109090
                            ],
                            "sub": []
                        }
                    ]
                },
                {
                    "stat": [
                        "doPostDesignResolutionToVir2Vcs",
                        "exit",
                        6.434110164642334,
                        5.4155389999999999,
                        0.74836199999999997,
                        426208,
                        443524,
                        0.23646400000000001,
                        0.217862,
                        1718636143.7922111,
                        6063682215910
                    ],
                    "sub": []
                },
                {
                    "stat": [
                        "doGAToPass2",
                        "entry",
                        6.4341530799865723,
                        5.4155819999999997,
                        0.74836199999999997,
                        426208,
                        443524,
                        0.23646400000000001,
                        0.217862,
                        1718636143.792254,
                        6063682290874
                    ],
                    "sub": [
                        {
                            "stat": [
                                "DoPass2",
                                "entry",
                                10.690373182296753,
                                5.4325609999999998,
                                0.75763800000000003,
                                421536,
                                443524,
                                0.25351299999999999,
                                0.27588400000000002,
                                1718636148.0484741,
                                6073488764968
                            ],
                            "sub": []
                        },
                        {
                            "stat": [
                                "DoPass2",
                                "exit",
                                15.804362058639526,
                                9.9254669999999994,
                                1.0633630000000001,
                                423504,
                                443524,
                                0.25351299999999999,
                                0.27588400000000002,
                                1718636153.1624629,
                                6085271399158
                            ],
                            "sub": []
                        }
                    ]
                },
                {
                    "stat": [
                        "doGAToPass2",
                        "exit",
                        15.834364175796509,
                        9.932347,
                        1.0687120000000001,
                        423504,
                        443524,
                        0.25351299999999999,
                        0.27588400000000002,
                        1718636153.1924651,
                        6085340522779
                    ],