{
    "cpu_cycles_pass2_start": 25173798953110542,
    "cycles_program_begin": 25173785418459123,
    "perf": [
        {
            "stat": [
                "main",
                "entry",
                0.033880949020385742,
                0.058991000000000002,
                0.024996000000000001,
                213620,
                213620,
                0.0,
                0.0,
                1693881294.3833671,
                25173785418697547
            ],
            "sub": [
                {
                    "stat": [
                        "doParsingAndDesignResolution",
                        "entry",
                        0.25902390480041504,
                        0.083987000000000006,
                        0.065989000000000006,
                        237872,
                        238676,
                        0.0,
                        0.0,
                        1693881294.60851,
                        25173785846416610
                    ],
                    "sub": []
                },
                {
                    "stat": [
                        "doParsingAndDesignResolution",
                        "exit",
                        2.6774368286132812,
                        3.058535,
                        0.20996799999999999,
                        381004,
                        410292,
                        0.0,
                        0.0,
                        1693881297.0269229,
                        25173790441462318
                    ],
                    "sub": []
                },
                {
                    "stat": [
                        "doPostDesignResolutionToVir2Vcs",
                        "entry",
                        2.7192959785461426,
                        3.0945290000000001,
                        0.21496699999999999,
                        366988,
                        410292,
                        0.0,
                        0.0,
                        1693881297.0687821,
                        25173790520935194
                    ],
                    "sub": [
                        {
                            "stat": [
                                "doUptoVir2VcsNoSepCleanup",
                                "entry",
                                3.8271579742431641,
                                4.1893630000000002,
                                0.227965,
                                367760,
                                410292,
                                0.33294899999999999,
                                0.050992000000000003,
                                1693881298.1766441,
                                25173792625909182
                            ],
                            "sub": []
                        },
                        {
                            "stat": [
                                "doUptoVir2VcsNoSepCleanup",
                                "exit",
                                6.7850477695465088,
                                7.1289160000000003,
                                0.24496200000000001,
                                374888,
                                410292,
                                0.33294899999999999,
                                0.050992000000000003,
                                1693881301.1345339,
                                25173798245894066
                            ],
                            "sub": []
                        },
                        {
                            "stat": [
                                "doRadify_vir2vcsAll",
                                "entry",
                                6.7851598262786865,
                                7.1289160000000003,
                                0.24496200000000001,
                                374888,
                                410292,
                                0.33294899999999999,
                                0.050992000000000003,
                                1693881301.1346459,
                                25173798246039102
                            ],
                            "sub": []
                        },
                        {
                            "stat": [
                                "doRadify_vir2vcsAll",
                                "exit",
                                7.1088569164276123,
                                7.4388690000000004,
                                0.25896000000000002,
                                395948,
                                410292,
                                0.33294899999999999,
                                0.050992000000000003,
                                1693881301.458343,
                                25173798861178610
                            ],
                            "sub": []
                        }
                    ]
                },
                {
                    "stat": [
                        "doPostDesignResolutionToVir2Vcs",
                        "exit",
                        7.1089568138122559,
                        7.4388690000000004,
                        0.25896000000000002,
                        395948,
                        410292,
                        0.33294899999999999,
                        0.050992000000000003,
                        1693881301.4584429,
                        25173798861243506
                    ],
                    "sub": []
                },
                {
                    "stat": [
                        "doGAToPass2",
                        "entry",
                        7.1089849472045898,
                        7.4388690000000004,
                        0.25896000000000002,
                        395948,
                        410292,
                        0.33294899999999999,
                        0.050992000000000003,
                        1693881301.4584711,
                        25173798861288738
                    ],
                    "sub": [
                        {
                            "stat": [
                                "DoPass2",
                                "entry",
                                7.1572690010070801,
                                7.4638650000000002,
                                0.26096000000000003,
                                391276,
                                410292,
                                0.34094799999999997,
                                0.061990000000000003,
                                1693881301.5067551,
                                25173798953087930
                            ],
                            "sub": []
                        },
                        {
                            "stat": [
                                "DoPass2",
                                "exit",
                                13.522015810012817,
                                13.689918,
                                0.39893899999999999,
                                393296,
                                410292,
                                0.34094799999999997,
                                0.061990000000000003,
                                1693881307.8715019,
                                25173811046064806
                            ],